yes_prob,no_prob,passage,item,knowledge_cue,log_odds,condition,model_path,model_shorthand
0.22896595299243927,0.29003357887268066,"You and your friend Jonathan are taking a road trip. You began in California, and are now passing through Michigan. It's almost winter, so it's very cold outside - especially for Southern California dwellers like you and Jonathan. You see that you're almost out of gas, so you stop at a gas station in a small town.
 
You fill up the tank, and then the two of you go inside the gas station to buy some water and snacks. When you return to the car and start up the engine, you and Jonathan both notice with some dismay a blinking light, which indicates that the car's heating system is broken. You both bundle up.
 
As you leave the station, Jonathan shivers in his seat.",1,explicit,-0.341086852132605,aware,allenai/OLMo-2-0325-32B-SFT,OLMO 2 32B SFT
0.2195596545934677,0.2979789078235626,"You and your friend Jonathan are taking a road trip. You began in California, and are now passing through Michigan. It's almost winter, so it's very cold outside - especially for Southern California dwellers like you and Jonathan. You see that you're almost out of gas, so you stop at a gas station in a small town.
 
You fill up the tank, and then the two of you go inside the gas station to buy some water and snacks. When you return to the car and start up the engine, you and Jonathan notice with some dismay a blinking light, which indicates that the car's heating system is broken. You both bundle up.
 
As you leave the station, Jonathan shivers in his seat.",1,implicit,-0.44059723958447883,aware,allenai/OLMo-2-0325-32B-SFT,OLMO 2 32B SFT
0.23616042733192444,0.3272293508052826,"You and your friend Jonathan are taking a road trip. You began in California, and are now passing through Michigan. It's almost winter, so it's very cold outside - especially for Southern California dwellers like you and Jonathan. You see that you're almost out of gas, so you stop at a gas station in a small town.
 
While you fill up the tank, Jonathan goes inside to buy some water and snacks. As you're checking the meter, you notice with some dismay a blinking light, which indicates that the car's heating system is broken. You finish filling up the gas and wait for Jonathan, who is still inside and doesn't know about the broken heater.
 
Jonathan returns with some snacks, and you both set off. As you leave the station, he shivers in his seat. ",1,explicit,-0.47053491940917397,unaware,allenai/OLMo-2-0325-32B-SFT,OLMO 2 32B SFT
0.19201189279556274,0.38088899850845337,"You and your friend Jonathan are taking a road trip. You began in California, and are now passing through Michigan. It's almost winter, so it's very cold outside - especially for Southern California dwellers like you and Jonathan. You see that you're almost out of gas, so you stop at a gas station in a small town.
 
While you fill up the tank, Jonathan goes inside to buy some water and snacks. As you're checking the meter, you notice with some dismay a blinking light, which indicates that the car's heating system is broken. You finish filling up the gas and wait for Jonathan.
 
Jonathan returns with some snacks, and you both set off. As you leave the station, he shivers in his seat. ",1,implicit,-0.9881749470211735,unaware,allenai/OLMo-2-0325-32B-SFT,OLMO 2 32B SFT
0.27089300751686096,0.3021585941314697,"You've been renting a house with your two roommates, Lisa and Brian, for three months now. Things are going well, though both you and Lisa are not very responsible about cleaning; consequently, the house has a tendency to get dirty quickly - unwashed dishes in the sink, cluttered counters, the whole shebang.
 
Even worse, you and Lisa are directly responsible for the latest mess, which is the product of a recent dinner party. Brian's something of a neat freak, so he's pretty anxious about the mess.
 
This morning, during a house meeting with you and Brian, Lisa volunteered to take the lead on cleaning the kitchen when she gets home from work this evening. Brian seems satisfied by this plan.
 
In the afternoon, while Lisa is still at work, you and Brian are standing in the kitchen doorway, gazing in.",2,explicit,-0.15758282225715486,aware,allenai/OLMo-2-0325-32B-SFT,OLMO 2 32B SFT
0.26387155055999756,0.30268657207489014,"You've been renting a house with your two roommates, Lisa and Brian, for three months now. Things are going well, though both you and Lisa are not very responsible about cleaning; consequently, the house has a tendency to get dirty quickly - unwashed dishes in the sink, cluttered counters, the whole shebang.
 
Even worse, you and Lisa are directly responsible for the latest mess, which is the product of a recent dinner party. Brian's something of a neat freak, so he's pretty anxious about the mess.
 
This morning, during a house meeting with you and Brian, Lisa volunteered to take the lead on cleaning the kitchen when she gets home from work this evening.
 
In the afternoon, while Lisa is still at work, you and Brian are standing in the kitchen doorway, gazing in.",2,implicit,-0.19798886088539736,aware,allenai/OLMo-2-0325-32B-SFT,OLMO 2 32B SFT
0.23458147048950195,0.31969383358955383,"You've been renting a house with your two roommates, Lisa and Brian, for three months now. Things are going well, though both you and Lisa are not very responsible about cleaning; consequently, the house has a tendency to get dirty quickly - unwashed dishes in the sink, cluttered counters, the whole shebang.
 
Even worse, you and Lisa are directly responsible for the latest mess, which is the product of a recent dinner party. Brian's something of a neat freak, so he's pretty anxious about the mess.
 
This morning, Lisa volunteered to take the lead on cleaning the kitchen when she gets home from work this evening. Brian was still sleeping, so he's unaware of this plan.
 
In the afternoon, while Lisa is still at work, you and Brian are standing in the kitchen doorway, gazing in.",2,explicit,-0.4466018571050668,unaware,allenai/OLMo-2-0325-32B-SFT,OLMO 2 32B SFT
0.24929536879062653,0.31955018639564514,"You've been renting a house with your two roommates, Lisa and Brian, for three months now. Things are going well, though both you and Lisa are not very responsible about cleaning; consequently, the house has a tendency to get dirty quickly - unwashed dishes in the sink, cluttered counters, the whole shebang.
 
Even worse, you and Lisa are directly responsible for the latest mess, which is the product of a recent dinner party. Brian's something of a neat freak, so he's pretty anxious about the mess.
 
This morning, Lisa volunteered to take the lead on cleaning the kitchen when she gets home from work this evening.
 
In the afternoon, while Lisa is still at work, you and Brian are standing in the kitchen doorway, gazing in.",2,implicit,-0.358186447065893,unaware,allenai/OLMo-2-0325-32B-SFT,OLMO 2 32B SFT
0.21126767992973328,0.3409695625305176,"You accompany your teenage daughter, Sarah, to the doctor so that she can be tested for allergies. She's quite reluctant to go, but you promise her that after the appointment, you can go out to her favorite hamburger joint. The appointment goes well, and is very informative; as it turns out, Sarah does have several major food allergies. The doctor gives you a pamphlet containing more detailed information. Then, as promised, you take Sarah to a nearby diner to buy some hamburgers. You order a hamburger and some fries for yourself, a cheeseburger for Sarah, then sit down.
 
When Sarah sits down, you flip through the pamphlet together; you're both surprised to learn that she's allergic to members of the ""nightshade"" family, which includes eggplant and potatoes. Sarah seems saddened by the news.
 
About five minutes later, your food is served. ",3,explicit,-0.6905708810087092,aware,allenai/OLMo-2-0325-32B-SFT,OLMO 2 32B SFT
0.20294232666492462,0.3250957429409027,"You accompany your teenage daughter, Sarah, to the doctor so that she can be tested for allergies. She's quite reluctant to go, but you promise her that after the appointment, you can go out to her favorite hamburger joint. The appointment goes well, and is very informative; as it turns out, Sarah does have several major food allergies. The doctor gives you a pamphlet containing more detailed information. Then, as promised, you take Sarah to a nearby diner to buy some hamburgers. You order a hamburger and some fries for yourself, a cheeseburger for Sarah, then sit down.
 
When Sarah sits down, you flip through the pamphlet together; you're both surprised to learn that she's allergic to members of the ""nightshade"" family, which includes eggplant and potatoes.
 
About five minutes later, your food is served. ",3,implicit,-0.6797948722114366,aware,allenai/OLMo-2-0325-32B-SFT,OLMO 2 32B SFT
0.2569122612476349,0.23106379806995392,"You accompany your teenage daughter, Sarah, to the doctor so that she can be tested for allergies. She's quite reluctant to go, but you promise her that after the appointment, you can go out to her favorite hamburger joint. The appointment goes well, and is very informative; as it turns out, Sarah does have several major food allergies. The doctor gives you a pamphlet containing more detailed information. Then, as promised, you take Sarah to a nearby diner to buy some hamburgers. You order a hamburger and some fries for yourself, a cheeseburger for Sarah, then sit down.
 
While Sarah is washing her hands in the restroom, you flip through the pamphlet; you're surprised to learn that she's allergic to members of the ""nightshade"" family, which includes eggplant and potatoes. Sarah returns to the table, unaware that she's allergic to potatoes.
 
About five minutes later, your food is served.",3,explicit,0.15298450191423588,unaware,allenai/OLMo-2-0325-32B-SFT,OLMO 2 32B SFT
0.23555947840213776,0.2674778401851654,"You accompany your teenage daughter, Sarah, to the doctor so that she can be tested for allergies. She's quite reluctant to go, but you promise her that after the appointment, you can go out to her favorite hamburger joint. The appointment goes well, and is very informative; as it turns out, Sarah does have several major food allergies. The doctor gives you a pamphlet containing more detailed information. Then, as promised, you take Sarah to a nearby diner to buy some hamburgers. You order a hamburger and some fries for yourself, a cheeseburger for Sarah, then sit down.
 
While Sarah is washing her hands in the restroom, you flip through the pamphlet; you're surprised to learn that she's allergic to members of the ""nightshade"" family, which includes eggplant and potatoes. Sarah returns to the table.
 
About five minutes later, your food is served.",3,implicit,-0.1833279889958022,unaware,allenai/OLMo-2-0325-32B-SFT,OLMO 2 32B SFT
0.13882814347743988,0.4589023292064667,"After a long week, you decide to treat yourself to a dinner for one at the fanciest restaurant in town. Just for the occasion, you break out your black and white tuxedo. Your spirits are high, but when you arrive at the restaurant, you're somewhat embarrassed to realize that you're wearing the exact same outfit as the restaurant's waitstaff.
 
While you're waiting in line, you encounter another guest, who initially mistakes you for a waiter. You laugh about the misunderstanding, and then an actual waiter shows you to your table.
 
Later, as you walk to the kitchen to pay your compliments to the chef, you pass by the same guest's table. He is staring down at his meal with irritation. You pass by and he recognizes you as the guest from the line, whom he'd formerly mistaken for a waiter.",4,explicit,-1.7248870661594429,aware,allenai/OLMo-2-0325-32B-SFT,OLMO 2 32B SFT
0.15585540235042572,0.4388640522956848,"After a long week, you decide to treat yourself to a dinner for one at the fanciest restaurant in town. Just for the occasion, you break out your black and white tuxedo. Your spirits are high, but when you arrive at the restaurant, you're somewhat embarrassed to realize that you're wearing the exact same outfit as the restaurant's waitstaff.
 
While you're waiting in line, you encounter another guest, who initially mistakes you for a waiter. You laugh about the misunderstanding, and then an actual waiter shows you to your table.
 
Later, as you walk to the kitchen to pay your compliments to the chef, you pass by the same guest's table. He is staring down at his meal with irritation. You pass by.",4,implicit,-1.493565939373457,aware,allenai/OLMo-2-0325-32B-SFT,OLMO 2 32B SFT
0.27949926257133484,0.19196023046970367,"After a long week, you decide to treat yourself to a dinner for one at the fanciest restaurant in town. Just for the occasion, you break out your black and white tuxedo. Your spirits are high, but when you arrive at the restaurant, you're somewhat embarrassed to realize that you're wearing the exact same outfit as the restaurant's waitstaff.
 
While you're waiting in line, you encounter another guest, who initially mistakes you for a waiter. You laugh about the misunderstanding, and then an actual waiter shows you to your table.
 
Later, as you walk to the kitchen to pay your compliments to the chef, you pass by another guest's table. He is staring down at his meal with irritation. As you pass by, he looks up at you and catches your eye.",4,explicit,0.5420370263938232,unaware,allenai/OLMo-2-0325-32B-SFT,OLMO 2 32B SFT
0.27949926257133484,0.19196023046970367,"After a long week, you decide to treat yourself to a dinner for one at the fanciest restaurant in town. Just for the occasion, you break out your black and white tuxedo. Your spirits are high, but when you arrive at the restaurant, you're somewhat embarrassed to realize that you're wearing the exact same outfit as the restaurant's waitstaff.
 
While you're waiting in line, you encounter another guest, who initially mistakes you for a waiter. You laugh about the misunderstanding, and then an actual waiter shows you to your table.
 
Later, as you walk to the kitchen to pay your compliments to the chef, you pass by another guest's table. He is staring down at his meal with irritation. As you pass by, he looks up at you and catches your eye.",4,implicit,0.5420370263938232,unaware,allenai/OLMo-2-0325-32B-SFT,OLMO 2 32B SFT
0.2785944640636444,0.20570339262485504,"After your first year of college, you move back home for the summer. Your parents are glad to have you home, but your dad insists that you do some weekly chores to ""earn your keep"". You'd prefer to just relax, but it does keep you occupied, which isn't all bad.  Besides, the house is in need of some repairs; your parents are both busy people, so some chores have fallen by the wayside while you've been away. Most notably, the lawn has gotten overgrown, and the paint on the backyard fence is beginning to peel. During the first couple of weeks, you mow the lawn, rake the driveway, and water the garden, but you keep putting off painting the fence.
 
One day, your mom decides to take matter into her own hands.
 
With your dad's encouragement, she calls a painting company to come and paint the fence; they schedule a time two days from now. This seems to satisfy your dad.
 
Later in the day, you're reading in the living room. Your dad walks in and peers out the window with a slightly displeased expression on his face.",5,explicit,0.43760100236515037,aware,allenai/OLMo-2-0325-32B-SFT,OLMO 2 32B SFT
0.27828091382980347,0.214182510972023,"After your first year of college, you move back home for the summer. Your parents are glad to have you home, but your dad insists that you do some weekly chores to ""earn your keep"". You'd prefer to just relax, but it does keep you occupied, which isn't all bad.  Besides, the house is in need of some repairs; your parents are both busy people, so some chores have fallen by the wayside while you've been away. Most notably, the lawn has gotten overgrown, and the paint on the backyard fence is beginning to peel. During the first couple of weeks, you mow the lawn, rake the driveway, and water the garden, but you keep putting off painting the fence.
 
One day, your mom decides to take matter into her own hands.
 
With your dad's encouragement, she calls a painting company to come and paint the fence; they schedule a time two days from now.
 
Later in the day, you're reading in the living room. Your dad walks in and peers out the window with a slightly displeased expression on his face.",5,implicit,0.37770128146742404,aware,allenai/OLMo-2-0325-32B-SFT,OLMO 2 32B SFT
0.27961596846580505,0.21472947299480438,"After your first year of college, you move back home for the summer. Your parents are glad to have you home, but your dad insists that you do some weekly chores to ""earn your keep"". You'd prefer to just relax, but it does keep you occupied, which isn't all bad.  Besides, the house is in need of some repairs; your parents are both busy people, so some chores have fallen by the wayside while you've been away. Most notably, the lawn has gotten overgrown, and the paint on the backyard fence is beginning to peel. During the first couple of weeks, you mow the lawn, rake the driveway, and water the garden, but you keep putting off painting the fence.
 
One day, your mom decides to take matter into her own hands.
 
While your dad's away at work, she calls a painting company to come and paint the fence; they schedule a time two days from now. Unfortunately, your dad hasn't yet heard about this plan.
 
Later in the day, you're reading in the living room when your dad returns from work. He walks in and peers out the window with a slightly displeased expression on his face.",5,explicit,0.3809265293871769,unaware,allenai/OLMo-2-0325-32B-SFT,OLMO 2 32B SFT
0.2494196891784668,0.2651551365852356,"After your first year of college, you move back home for the summer. Your parents are glad to have you home, but your dad insists that you do some weekly chores to ""earn your keep"". You'd prefer to just relax, but it does keep you occupied, which isn't all bad.  Besides, the house is in need of some repairs; your parents are both busy people, so some chores have fallen by the wayside while you've been away. Most notably, the lawn has gotten overgrown, and the paint on the backyard fence is beginning to peel. During the first couple of weeks, you mow the lawn, rake the driveway, and water the garden, but you keep putting off painting the fence.
 
One day, your mom decides to take matter into her own hands.
 
While your dad's away at work, she calls a painting company to come and paint the fence; they schedule a time two days from now.
 
Later in the day, you're reading in the living room when your dad returns from work. He walks in and peers out the window with a slightly displeased expression on his face.",5,implicit,-0.08826134069611499,unaware,allenai/OLMo-2-0325-32B-SFT,OLMO 2 32B SFT
0.17688731849193573,0.391006737947464,"You and your friend are exhausted and sweaty from playing tennis. After playing, you invite him back to your apartment to hang out.
 
When you return to your apartment, you both see a notice taped to your apartment door: unfortunately, the water in your apartment building will be shut off for the next 24 hours. Your friend seems disconcerted by the news.",6,explicit,-1.1443628475006384,aware,allenai/OLMo-2-0325-32B-SFT,OLMO 2 32B SFT
0.12213311344385147,0.48704758286476135,"You and your friend are exhausted and sweaty from playing tennis. After playing, you invite him back to your apartment to hang out.
 
When you return to your apartment, you both see a notice taped to your apartment door: unfortunately, the water in your apartment building will be shut off for the next 24 hours.",6,implicit,-1.995608320234292,aware,allenai/OLMo-2-0325-32B-SFT,OLMO 2 32B SFT
0.26372480392456055,0.3366137742996216,"You and your friend are exhausted and sweaty from playing tennis. After playing, you invite him back to your apartment to hang out.
 
When you return to your apartment, you go to your room, and privately check your email. You see that your landlord has sent you a message: unfortunately, the water in your apartment building will be shut off for the next 24 hours. Your friend, of course, doesn't know about this yet.",6,explicit,-0.3520609468594399,unaware,allenai/OLMo-2-0325-32B-SFT,OLMO 2 32B SFT
0.15628089010715485,0.48037973046302795,"You and your friend are exhausted and sweaty from playing tennis. After playing, you invite him back to your apartment to hang out.
 
When you return to your apartment, you go to your room, and privately check your email. You see that your landlord has sent you a message: unfortunately, the water in your apartment building will be shut off for the next 24 hours.",6,implicit,-1.620033900454593,unaware,allenai/OLMo-2-0325-32B-SFT,OLMO 2 32B SFT
0.36435166001319885,0.25349536538124084,"After some deliberation, you invite a new acquaintance over for a dinner date. You prepare a feast, which you serve alongside some red wine. There's only a small amount of wine left in the bottle, but you assure your date you have another bottle stashed away, which you can open if she likes this wine.
 
About halfway through dinner, you excuse yourself to go to the bathroom. On the way back, you stop in the kitchen to grab the other bottle of wine. You're surprised and irritated to find that there is no other bottle; you must have been mistaken.
 
Sadly, you call out from the kitchen that the wine is all gone. Your date murmurs something in reply, sounding disappointed.
 
When you return to the dining room, your date sips the last of her glass of wine.",7,explicit,0.5233721928486563,aware,allenai/OLMo-2-0325-32B-SFT,OLMO 2 32B SFT
0.3217422366142273,0.28173553943634033,"After some deliberation, you invite a new acquaintance over for a dinner date. You prepare a feast, which you serve alongside some red wine. There's only a small amount of wine left in the bottle, but you assure your date you have another bottle stashed away, which you can open if she likes this wine.
 
About halfway through dinner, you excuse yourself to go to the bathroom. On the way back, you stop in the kitchen to grab the other bottle of wine. You're surprised and irritated to find that there is no other bottle; you must have been mistaken.
 
Sadly, you call out from the kitchen that the wine is all gone.
 
When you return to the dining room, your date sips the last of her glass of wine.",7,implicit,0.19156377429483737,aware,allenai/OLMo-2-0325-32B-SFT,OLMO 2 32B SFT
0.2734731137752533,0.32168111205101013,"After some deliberation, you invite a new acquaintance over for a dinner date. You prepare a feast, which you serve alongside some red wine. There's only a small amount of wine left in the bottle, but you assure your date you have another bottle stashed away, which you can open if she likes this wine.
 
About halfway through dinner, you excuse yourself to go to the bathroom. On the way back, you stop in the kitchen to grab the other bottle of wine. You're surprised and irritated to find that there is no other bottle; you must have been mistaken.
 
You walk back towards the dining room, unsure about what to tell your date, who doesn't yet know that there's no more wine.
 
When you return to the dining room, your date sips the last of her glass of wine.",7,explicit,-0.2342322257263922,unaware,allenai/OLMo-2-0325-32B-SFT,OLMO 2 32B SFT
0.25695323944091797,0.32264581322669983,"After some deliberation, you invite a new acquaintance over for a dinner date. You prepare a feast, which you serve alongside some red wine. There's only a small amount of wine left in the bottle, but you assure your date you have another bottle stashed away, which you can open if she likes this wine.
 
About halfway through dinner, you excuse yourself to go to the bathroom. On the way back, you stop in the kitchen to grab the other bottle of wine. You're surprised and irritated to find that there is no other bottle; you must have been mistaken.
 
You walk back towards the dining room, unsure about what to tell your date.
 
When you return to the dining room, your date sips the last of her glass of wine.",7,implicit,-0.32844546416012116,unaware,allenai/OLMo-2-0325-32B-SFT,OLMO 2 32B SFT
0.3484942317008972,0.162983700633049,"You and your friend Rob get along well; your only complaint is that since he doesn't have a car, you almost always have to pick him up and give him rides. Whenever you're both going somewhere, it's generally expected that you'll drive him - but he treats you to coffee sometimes, so it all evens out.
 
One day, after classes get out, you walk together to get some coffee at nearby coffee shop.
 
While you and Rob are sitting talking, you're surprised to see your mechanic at the coffee shop. He walks up and informs you that your car, which you recently took in for a tune-up, will be under repair for at least another week. Rob knows how much you rely on that car, so he understands your frustration.
 
Once the mechanic leaves, you and Rob get to talking. Rob realizes you've both been invited to the same party later on in the week.",8,explicit,1.0964070833676172,aware,allenai/OLMo-2-0325-32B-SFT,OLMO 2 32B SFT
0.36642640829086304,0.1792573183774948,"You and your friend Rob get along well; your only complaint is that since he doesn't have a car, you almost always have to pick him up and give him rides. Whenever you're both going somewhere, it's generally expected that you'll drive him - but he treats you to coffee sometimes, so it all evens out.
 
One day, after classes get out, you walk together to get some coffee at nearby coffee shop.
 
While you and Rob are sitting talking, you're surprised to see your mechanic at the coffee shop. He walks up and informs you that your car, which you recently took in for a tune-up, will be under repair for at least another week.
 
Once the mechanic leaves, you and Rob get to talking. Rob realizes you've both been invited to the same party later on in the week.",8,implicit,1.0314914622317506,aware,allenai/OLMo-2-0325-32B-SFT,OLMO 2 32B SFT
0.30589011311531067,0.23223847150802612,"You and your friend Rob get along well; your only complaint is that since he doesn't have a car, you almost always have to pick him up and give him rides. Whenever you're both going somewhere, it's generally expected that you'll drive him - but he treats you to coffee sometimes, so it all evens out.
 
One day, after classes get out, you walk together to get some coffee at a nearby coffee shop.
 
Before you sit down, Rob steps outside to take a phone call. While he's outside, you're surprised to see your mechanic at the coffee shop. He walks up and informs you that your car, which you recently took in for a tune-up, will be under repair for at least another week. You rely on that car, so this is very frustrating.
 
Anyway, Rob finishes his phone call and returns to the table, and you both get to talking. Rob realizes you've both been invited to the same party later on in the week, but missed the conversation with your mechanic about your car still being in the shop.",8,explicit,0.3974064953900735,unaware,allenai/OLMo-2-0325-32B-SFT,OLMO 2 32B SFT
0.310425341129303,0.1939108520746231,"You and your friend Rob get along well; your only complaint is that since he doesn't have a car, you almost always have to pick him up and give him rides. Whenever you're both going somewhere, it's generally expected that you'll drive him - but he treats you to coffee sometimes, so it all evens out.
 
One day, after classes get out, you walk together to get some coffee at a nearby coffee shop.
 
Before you sit down, Rob steps outside to take a phone call. While he's outside, you're surprised to see your mechanic at the coffee shop. He walks up and informs you that your car, which you recently took in for a tune-up, will be under repair for at least another week. You rely on that car, so this is very frustrating.
 
Anyway, Rob finishes his phone call and returns to the table, and you both get to talking. Rob realizes you've both been invited to the same party later on in the week.",8,implicit,0.6788527896370827,unaware,allenai/OLMo-2-0325-32B-SFT,OLMO 2 32B SFT
0.28439122438430786,0.22714030742645264,"After a relatively uneventful day, you decide you need to get out and see a movie. You call up your best friend, who agrees to accompany you. 

Later, you arrive at the theater at the same time as your friend. You greet each other, then head towards the pay-stand. As you walk together, you check your pockets; you realize you don't have any cash, and you left your credit card at home. You curse, saying, ""I can't believe I left my wallet at home."" Your friend looks surprised that you forgot your money, since that is very unlike you. 

Then, just as your friend is about to pay, her face suddenly falls. She groans, then turns back to you in disbelief. ",9,explicit,0.3242932038571716,aware,allenai/OLMo-2-0325-32B-SFT,OLMO 2 32B SFT
0.2889738976955414,0.27408960461616516,"After a relatively uneventful day, you decide you need to get out and see a movie. You call up your best friend, who agrees to accompany you. 

Later, you arrive at the theater at the same time as your friend. You greet each other, then head towards the pay-stand. As you walk together, you check your pockets; you realize you don't have any cash, and you left your credit card at home. You curse, saying, ""I can't believe I left my wallet at home.""

Then, just as your friend is about to pay, her face suddenly falls. She groans, then turns back to you in disbelief. ",9,implicit,0.07629157132856468,aware,allenai/OLMo-2-0325-32B-SFT,OLMO 2 32B SFT
0.3906020224094391,0.18110056221485138,"After a relatively uneventful day, you decide you need to get out and see a movie. You call up your best friend, who agrees to accompany you. 

Later, just after you arrive at the theater, you realize you don't have any cash on you, and you left your credit card at home. You curse, saying to yourself, ""I can't believe I left my wallet at home."" 

Your friend shows up just after your realization, greets you, and heads right to the pay-stand, not yet aware that you don't have any money. 

As your friend is about to pay, her face suddenly falls. She groans, then turns back to you sheepishly. ",9,explicit,1.1089083939993767,unaware,allenai/OLMo-2-0325-32B-SFT,OLMO 2 32B SFT
0.39824435114860535,0.19344884157180786,"After a relatively uneventful day, you decide you need to get out and see a movie. You call up your best friend, who agrees to accompany you. 

Later, just after you arrive at the theater, you realize you don't have any cash on you, and you left your credit card at home. You curse, saying to yourself, ""I can't believe I left my wallet at home."" 

Your friend shows up just after your realization, greets you, and heads right to the pay-stand.

As your friend is about to pay, her face suddenly falls. She groans, then turns back to you sheepishly. ",9,implicit,1.0417018086256034,unaware,allenai/OLMo-2-0325-32B-SFT,OLMO 2 32B SFT
0.3782772123813629,0.12817390263080597,"The roof of your garage is in bad shape. Fortunately, one of your good friends generously offers to come over and help you fix it up. 

The two of you spend the day toiling under the hot sun, working up a sweat. It takes a few hours, but eventually, the roof starts looking somewhat decent. 

You both go inside the house, where fortunately, the AC is on. Feeling a thirst coming on, you head into the kitchen, closely followed by your friend. You check the refrigerator, and find that there's one beer left. A little guilty, you take it for yourself; your friend watches and shakes his head disapprovingly, seeing that there are no beers left. 

Later, back in the living room, you drain your beer and set it down on the table. Your friend smacks his lips.",10,explicit,1.5613413242345233,aware,allenai/OLMo-2-0325-32B-SFT,OLMO 2 32B SFT
0.3454016447067261,0.1501626819372177,"The roof of your garage is in bad shape. Fortunately, one of your good friends generously offers to come over and help you fix it up. 

The two of you spend the day toiling under the hot sun, working up a sweat. It takes a few hours, but eventually, the roof starts looking somewhat decent. 

You both go inside the house, where fortunately, the AC is on. Feeling a thirst coming on, you head into the kitchen, closely followed by your friend. You check the refrigerator, and find that there's one beer left. A little guilty, you take it for yourself; your friend watches and shakes his head disapprovingly.

Later, back in the living room, you drain your beer and set it down on the table. Your friend smacks his lips.",10,implicit,1.201748630246698,aware,allenai/OLMo-2-0325-32B-SFT,OLMO 2 32B SFT
0.27523455023765564,0.23312298953533173,"The roof of your garage is in bad shape. Fortunately, one of your good friends generously offers to come over and help you fix it up. 

The two of you spend the day toiling under the hot sun, working up a sweat. It takes a few hours, but eventually, the roof starts looking somewhat decent. 

You both go inside the house, where fortunately, the AC is on. Your friend collapses onto the couch, breathing a sigh of relief. Feeling a thirst coming on, you head into the kitchen and check the refrigerator, and find that there's one beer left. A little guilty, you take it for yourself. 

You return to the living room. Your friend sees you holding the beer, but isn't aware that there are no more left. ",10,explicit,0.2395702996047137,unaware,allenai/OLMo-2-0325-32B-SFT,OLMO 2 32B SFT
0.19430513679981232,0.2779335677623749,"The roof of your garage is in bad shape. Fortunately, one of your good friends generously offers to come over and help you fix it up. 

The two of you spend the day toiling under the hot sun, working up a sweat. It takes a few hours, but eventually, the roof starts looking somewhat decent. 

You both go inside the house, where fortunately, the AC is on. Your friend collapses onto the couch, breathing a sigh of relief. Feeling a thirst coming on, you head into the kitchen and check the refrigerator, and find that there's one beer left. A little guilty, you take it for yourself. 

You return to the living room. Your friend sees you holding the beer.",10,implicit,-0.516416046676369,unaware,allenai/OLMo-2-0325-32B-SFT,OLMO 2 32B SFT
0.26395735144615173,0.17818467319011688,"It's Monday evening, which is when you and your parents ordinarily watch your favorite television series. 

You all gather together in your usual spots: you sit in a chair closest to the television, and your parents sit on the couch. But when you turn on the TV, there's a crackling noise from the speakers. After some fiddling around, you all realize that they're broken. 

Still, you decide to watch anyway, using the built-in speakers on the TV. The show starts, but the built-in speakers just don't project at all. 

Your father groans and looks over at you. ",11,explicit,0.5669316001871567,aware,allenai/OLMo-2-0325-32B-SFT,OLMO 2 32B SFT
0.25873303413391113,0.17700283229351044,"It's Monday evening, which is when you and your parents ordinarily watch your favorite television series. 

You all gather together in your usual spots: you sit in a chair closest to the television, and your parents sit on the couch. But when you turn on the TV, there's a crackling noise from the speakers. After some fiddling around, you realize that they're broken. 

Still, you decide to watch anyway, using the built-in speakers on the TV. The show starts, but the built-in speakers just don't project at all. 

Your father groans and looks over at you. ",11,implicit,0.5476918184310284,aware,allenai/OLMo-2-0325-32B-SFT,OLMO 2 32B SFT
0.3315776288509369,0.14678660035133362,"It's Monday evening, which is when you and your parents ordinarily watch your favorite television series. 

Before your parents arrive, you get settled in your usual spot: the chair closest to the television. But when you turn on the TV, there's a crackling noise from the speakers. You realize that they're broken, so you decide to just use the built-in speakers on the TV. 

Later, your parents come into the room and sit on the couch. The show starts, but the built-in speakers just don't project at all. Your parents don't realize that this is the loudest it will get, since the other speakers are broken. 

Your father groans and looks over at you. ",11,explicit,1.175626397718387,unaware,allenai/OLMo-2-0325-32B-SFT,OLMO 2 32B SFT
0.31895408034324646,0.2015523910522461,"It's Monday evening, which is when you and your parents ordinarily watch your favorite television series. 

Before your parents arrive, you get settled in your usual spot: the chair closest to the television. But when you turn on the TV, there's a crackling noise from the speakers. You realize that they're broken, so you decide to just use the built-in speakers on the TV. 

Later, your parents come into the room and sit on the couch. The show starts, but the built-in speakers just don't project at all.

Your father groans and looks over at you. ",11,implicit,0.6621938366277114,unaware,allenai/OLMo-2-0325-32B-SFT,OLMO 2 32B SFT
0.26711541414260864,0.26521119475364685,"You and your friend Claire just got a new apartment in a nice area of town. You're good roommates: you both do your dishes, keep things tidy, and take turns taking out the trash and recycling. 

One day, however, you and Claire both run into your landlord, who gives you some surprising news: the town's recycling services are temporarily suspended. A few days go by, and your recycling bin starts to overflow. It's your turn to empty the bin, but unfortunately, there's nowhere to drop it off. You and Claire both know you'll have to wait to empty it until the services start up again. 

While she's washing the dishes, Claire looks over at the recycling bin and shakes her head.",12,explicit,0.010321556507778247,aware,allenai/OLMo-2-0325-32B-SFT,OLMO 2 32B SFT
0.27190962433815,0.2375422865152359,"You and your friend Claire just got a new apartment in a nice area of town. You're good roommates: you both do your dishes, keep things tidy, and take turns taking out the trash and recycling. 

One day, however, you and Claire both run into your landlord, who gives you some surprising news: the town's recycling services are temporarily suspended. A few days go by, and your recycling bin starts to overflow. It's your turn to empty the bin, but unfortunately, there's nowhere to drop it off.

While she's washing the dishes, Claire looks over at the recycling bin and shakes her head.",12,implicit,0.1949428567267234,aware,allenai/OLMo-2-0325-32B-SFT,OLMO 2 32B SFT
0.30130627751350403,0.22969837486743927,"You and your friend Claire just got a new apartment in a nice area of town. You're good roommates: you both do your dishes, keep things tidy, and take turns taking out the trash and recycling. 

One day, however, while Claire is away, you run into your landlord, who gives you some surprising news: the town's recycling services are temporarily suspended. You're pretty forgetful though, so it slips your mind when Claire gets home later; thus, she doesn't know that there's nowhere to empty the bin. 

A few days go by, and your recycling bin starts to overflow. It's your turn to empty the bin, but unfortunately, there's nowhere to drop it off. 

While she's washing the dishes, Claire looks over at the recycling bin and shakes her head. ",12,explicit,0.39149008124516677,unaware,allenai/OLMo-2-0325-32B-SFT,OLMO 2 32B SFT
0.3018612563610077,0.22390703856945038,"You and your friend Claire just got a new apartment in a nice area of town. You're good roommates: you both do your dishes, keep things tidy, and take turns taking out the trash and recycling. 

One day, however, while Claire is away, you run into your landlord, who gives you some surprising news: the town's recycling services are temporarily suspended. You're pretty forgetful though, so it slips your mind when Claire gets home later.

A few days go by, and your recycling bin starts to overflow. It's your turn to empty the bin, but unfortunately, there's nowhere to drop it off. 

While she's washing the dishes, Claire looks over at the recycling bin and shakes her head. ",12,implicit,0.43098571968054367,unaware,allenai/OLMo-2-0325-32B-SFT,OLMO 2 32B SFT
0.42428267002105713,0.15633322298526764,"After several weeks of looking for work, you finally find a job at a local cafe. You quickly learn the basics: taking orders from customers, how to prepare different drinks, and even which items are the most popular. 

Customers especially love the chocolate croissants, but the baker stops making new ones by noon, so these are often in short supply. 

One afternoon, a familiar-looking customer enters the store. Just as he approaches the counter, you both hear a shout from the back room: ""Hey, we're out of chocolate croissants!"" The customer looks disappointed when he hears this. You exchange pleasantries. He looks up at the menu and his eyes alight on the pastry section. ",13,explicit,1.4404013487407474,aware,allenai/OLMo-2-0325-32B-SFT,OLMO 2 32B SFT
0.3738493323326111,0.15717916190624237,"After several weeks of looking for work, you finally find a job at a local cafe. You quickly learn the basics: taking orders from customers, how to prepare different drinks, and even which items are the most popular. 

Customers especially love the chocolate croissants, but the baker stops making new ones by noon, so these are often in short supply. 

One afternoon, a familiar-looking customer enters the store. Just as he approaches the counter, you both hear a shout from the back room: ""Hey, we're out of chocolate croissants!"" You exchange pleasantries. He looks up at the menu and his eyes alight on the pastry section. ",13,implicit,1.2500469921279391,aware,allenai/OLMo-2-0325-32B-SFT,OLMO 2 32B SFT
0.3595455288887024,0.20059068500995636,"After several weeks of looking for work, you finally find a job at a local cafe. You quickly learn the basics: taking orders from customers, how to prepare different drinks, and even which items are the most popular. 

Customers especially love the chocolate croissants, but the baker stops making new ones by noon, so these are often in short supply. One afternoon, the cafe runs out especially early, and you hear a shout from the back room: ""Hey, we're out of chocolate croissants!"" 

Soon after, a familiar-looking customer enters the store, unaware that you've just run out of the most popular item. You exchange pleasantries. He looks up at the menu and his eyes alight on the pastry section. ",13,explicit,0.8419198573319586,unaware,allenai/OLMo-2-0325-32B-SFT,OLMO 2 32B SFT
0.4298659563064575,0.13160882890224457,"After several weeks of looking for work, you finally find a job at a local cafe. You quickly learn the basics: taking orders from customers, how to prepare different drinks, and even which items are the most popular. 

Customers especially love the chocolate croissants, but the baker stops making new ones by noon, so these are often in short supply. One afternoon, the cafe runs out especially early, and you hear a shout from the back room: ""Hey, we're out of chocolate croissants!""

Soon after, a familiar-looking customer enters the store. You exchange pleasantries. He looks up at the menu and his eyes alight on the pastry section. ",13,implicit,1.7076305843877613,unaware,allenai/OLMo-2-0325-32B-SFT,OLMO 2 32B SFT
0.38571518659591675,0.11156223714351654,"In college, you decide to take a particularly challenging mathematics course. Many of the other students struggle with the homework, but you find that you can usually get it, as long as you work hard at it. 

Harold, one of the other students, consistently struggles with understanding the concepts. You feel bad, so you often help him with his homework in the morning before class. 

One night, though, you are completely lost. None of the concepts make sense, and you don't manage to answer a single homework problem. You text a couple of your friends, including Harold, that you are having a really hard time and won't be able to complete the work. 

The next day, Harold approaches you before class. He knows that you weren't able to finish the homework. He pulls out a piece of paper with some half-hearted scribbles on it, but it's clear he didn't get very far. ",14,explicit,1.789687179736719,aware,allenai/OLMo-2-0325-32B-SFT,OLMO 2 32B SFT
0.3922045826911926,0.13420994579792023,"In college, you decide to take a particularly challenging mathematics course. Many of the other students struggle with the homework, but you find that you can usually get it, as long as you work hard at it. 

Harold, one of the other students, consistently struggles with understanding the concepts. You feel bad, so you often help him with his homework in the morning before class. 

One night, though, you are completely lost. None of the concepts make sense, and you don't manage to answer a single homework problem. You text a couple of your friends, including Harold, that you are having a really hard time and won't be able to complete the work. 

The next day, Harold approaches you before class. He pulls out a piece of paper with some half-hearted scribbles on it, but it's clear he didn't get very far. ",14,implicit,1.5471148044712586,aware,allenai/OLMo-2-0325-32B-SFT,OLMO 2 32B SFT
0.38012412190437317,0.10413602739572525,"In college, you decide to take a particularly challenging mathematics course. Many of the other students struggle with the homework, but you find that you can usually get it, as long as you work hard at it. 

Harold, one of the other students, consistently struggles with understanding the concepts. You feel bad, so you often help him with his homework in the morning before class. 

One night, though, you are completely lost. None of the concepts make sense, and you don't manage to answer a single homework problem. 

The next day, Harold approaches you before class. He doesn't know that you struggled with the homework, assuming that, as usual, you completed all of it. He pulls out a piece of paper with some half-hearted scribbles on it, but it's clear he didn't get very far. ",14,explicit,1.8680013019605077,unaware,allenai/OLMo-2-0325-32B-SFT,OLMO 2 32B SFT
0.38164621591567993,0.10127093642950058,"In college, you decide to take a particularly challenging mathematics course. Many of the other students struggle with the homework, but you find that you can usually get it, as long as you work hard at it. 

Harold, one of the other students, consistently struggles with understanding the concepts. You feel bad, so you often help him with his homework in the morning before class. 

One night, though, you are completely lost. None of the concepts make sense, and you don't manage to answer a single homework problem. 

The next day, Harold approaches you before class. He pulls out a piece of paper with some half-hearted scribbles on it, but it's clear he didn't get very far. ",14,implicit,1.914015689853741,unaware,allenai/OLMo-2-0325-32B-SFT,OLMO 2 32B SFT
0.30724456906318665,0.22751295566558838,"Your spouse, Terry, has been very busy recently with extra long days at work, coming home late in the evening. 

As a consequence, laundry has started to pile up, which Terry doesn't really have the time to do. One evening, after Terry has returned home, you decide it's time to make a dent in some of the laundry. But when you try to turn on the washing machine, you realize that it is broken. With Terry watching, you make an appointment for someone to come fix the machine. 

Terry knows that you made an appointment to fix the broken washing machine, and seems satisfied. The laundry hamper is growing ominously large at this point.  ",15,explicit,0.4334388078203752,aware,allenai/OLMo-2-0325-32B-SFT,OLMO 2 32B SFT
0.2531878352165222,0.24236245453357697,"Your spouse, Terry, has been very busy recently with extra long days at work, coming home late in the evening. 

As a consequence, laundry has started to pile up, which Terry doesn't really have the time to do. One evening, after Terry has returned home, you decide it's time to make a dent in some of the laundry. But when you try to turn on the washing machine, you realize that it is broken. With Terry watching, you make an appointment for someone to come fix the machine. 

The laundry hamper is growing ominously large at this point.  ",15,implicit,0.06304186832539255,aware,allenai/OLMo-2-0325-32B-SFT,OLMO 2 32B SFT
0.22034159302711487,0.2982296645641327,"Your spouse, Terry, has been very busy recently with extra long days at work, coming home late in the evening. 

As a consequence, laundry has started to pile up, which Terry doesn't really have the time to do. One day, while Terry is at work, you decide it's time to make a dent in some of the laundry. But when you try to turn on the washing machine, you realize that it is broken. You make an appointment for someone to come fix the machine. 

Soon after, Terry returns home exhausted, and also not yet realizing that the washing machine is broken. The laundry hamper is growing ominously large at this point. ",15,explicit,-0.43668191529927536,unaware,allenai/OLMo-2-0325-32B-SFT,OLMO 2 32B SFT
0.2548447847366333,0.27493709325790405,"Your spouse, Terry, has been very busy recently with extra long days at work, coming home late in the evening. 

As a consequence, laundry has started to pile up, which Terry doesn't really have the time to do. One day, while Terry is at work, you decide it's time to make a dent in some of the laundry. But when you try to turn on the washing machine, you realize that it is broken. You make an appointment for someone to come fix the machine. 

Soon after, Terry returns home exhausted. The laundry hamper is growing ominously large at this point. ",15,implicit,-0.10948273225661309,unaware,allenai/OLMo-2-0325-32B-SFT,OLMO 2 32B SFT
0.3116025924682617,0.2492186278104782,"You and your friend Paul are moving into a new apartment. There's a ton of stuff to unload: pots and pans, furniture, miscellaneous belongings, and more. Most of it is light, but some of the furniture is quite heavy. For the heavy stuff, you agree to help each other out. 

At one point, while Paul is helping you carry your mattress into your bedroom, you suddenly feel a jolt of sharp pain in your back. You inadvertently gasp and clutch your back. Once you recover, you decide you should take it easy the rest of the day and not pick up any more heavy furniture. Knowing you are hurt, Paul finishes pushing the mattress into the room. 

The two of you go back outside, and see Paul's gargantuan desk sitting in the driveway. Paul looks at the desk doubtfully. ",16,explicit,0.3222953299444924,aware,allenai/OLMo-2-0325-32B-SFT,OLMO 2 32B SFT
0.319574773311615,0.21039973199367523,"You and your friend Paul are moving into a new apartment. There's a ton of stuff to unload: pots and pans, furniture, miscellaneous belongings, and more. Most of it is light, but some of the furniture is quite heavy. For the heavy stuff, you agree to help each other out. 

At one point, while Paul is helping you carry your mattress into your bedroom, you suddenly feel a jolt of sharp pain in your back. You inadvertently gasp and clutch your back. Once you recover, you decide you should take it easy the rest of the day and not pick up any more heavy furniture. Paul finishes pushing the mattress into the room. 

The two of you go back outside, and see Paul's gargantuan desk sitting in the driveway. Paul looks at the desk doubtfully. ",16,implicit,0.6030206619385672,aware,allenai/OLMo-2-0325-32B-SFT,OLMO 2 32B SFT
0.3590957224369049,0.1978701651096344,"You and your friend Paul are moving into a new apartment. There's a ton of stuff to unload: pots and pans, furniture, miscellaneous belongings, and more. Most of it is light, but some of the furniture is quite heavy. For the heavy stuff, you agree to help each other out. 

At one point, while Paul is still outside and you are carrying your mattress into your room, you suddenly feel a jolt of sharp pain in your back. You inadvertently gasp and clutch your back. Once you recover, you decide you should take it easy the rest of the day and not pick up any more heavy furniture. Paul, however, didn't see what happened, so he doesn't know that you are hurt. 

When you go back outside, you see that Paul is still out front, looking at his gargantuan desk. ",16,explicit,0.859814368632762,unaware,allenai/OLMo-2-0325-32B-SFT,OLMO 2 32B SFT
0.31286025047302246,0.24720081686973572,"You and your friend Paul are moving into a new apartment. There's a ton of stuff to unload: pots and pans, furniture, miscellaneous belongings, and more. Most of it is light, but some of the furniture is quite heavy. For the heavy stuff, you agree to help each other out. 

At one point, while Paul is still outside and you are carrying your mattress into your room, you suddenly feel a jolt of sharp pain in your back. You inadvertently gasp and clutch your back. Once you recover, you decide you should take it easy the rest of the day and not pick up any more heavy furniture.

When you go back outside, you see that Paul is still out front, looking at his gargantuan desk. ",16,implicit,0.33983486229736576,unaware,allenai/OLMo-2-0325-32B-SFT,OLMO 2 32B SFT
